rank,artist_name
1,The Beatles
2,Madonna
3,Elton John
4,Elvis Presley
5,Mariah Carey
6,Stevie Wonder
7,Janet Jackson
8,Michael Jackson
9,Whitney Houston
10,Rihanna
11,Drake
12,The Rolling Stones
13,Paul McCartney
14,Bee Gees
15,Usher
16,Chicago
17,The Supremes
18,Prince
19,Daryl Hall John Oates
20,Rod Stewart
21,Taylor Swift
22,Olivia Newton-John
23,Aretha Franklin
24,Maroon 5
25,Marvin Gaye
26,Katy Perry
27,Phil Collins
28,Billy Joel
29,Bruno Mars
30,Diana Ross
31,The 4 Seasons
32,The Temptations
33,Donna Summer
34,The Beach Boys
35,Lionel Richie
36,Neil Diamond
37,Carpenters
38,Justin Bieber
39,Jackson 5/The Jacksons
40,Boyz II Men
41,Connie Francis
42,Brenda Lee
43,The Weeknd
44,Beyonce
45,Chris Brown
46,Kenny Rogers
47,Barbra Streisand
48,Bryan Adams
49,Cher
50,The Black Eyed Peas
51,P!nk
52,George Michael
53,Bobby Vinton
54,John Mellencamp
55,Lady Gaga
56,Three Dog Night
57,Huey Lewis & The News
58,Gloria Estefan/Miami Sound Machine
59,Bon Jovi
60,Chubby Checker
61,Ray Charles
62,Foreigner
63,Kool & The Gang
64,Gladys Knight And The Pips
65,Ricky Nelson
66,Duran Duran
67,Justin Timberlake
68,Commodores
69,Eagles
70,TLC
71,Paul Anka
72,Eminem
73,Barry Manilow
74,Dionne Warwick
75,Nelly
76,Heart
77,Post Malone
78,Ariana Grande
79,The Everly Brothers
80,Kanye West
81,Bobby Darin
82,R. Kelly
83,James Brown
84,Paula Abdul
85,Kelly Clarkson
86,Alicia Keys
87,Ed Sheeran
88,Linda Ronstadt
89,Richard Marx
90,Destiny's Child
91,Celine Dion
92,JAY-Z
93,The Miracles
94,Dion
95,Fleetwood Mac
96,Bob Seger/The Silver Bullet Band
97,Neil Sedaka
98,Bruce Springsteen
99,The Pointer Sisters
100,John Denver
